Value,Code
pikgyaqet,0
pazayouzlg,1
kszvdc,2
rzjtuj,3
ormwjjwjic,4
gtkhqcn,5
nsmgpo,6
byasa,7
wqjuumi,8
cealovadom,9
ubbuyekaz,10
bojt,11
fabzighnd,12
thsgtyw,13
mpkpcp,14
qoiiyhagob,15
phsdou,16
fqycovpn,17
wzmbpd,18
oedtz,19
lvjitrykwj,20
niraevvwu,21
wociz,22
yvlr,23
ojyyalhrlt,24
etmjgorucv,25
ziypqwir,26
zcuwdbois,27
mggcuofoem,28
hqeshhl,29
piccrbv,30
ooihnzhuzu,31
ncdqerklav,32
hngvv,33
synkfiaoyj,34
fcrhmu,35
rebcpmct,36
mlyaz,37
iuemp,38
kucsd,39
eslhquyj,40
jywasclne,41
mikvozuhba,42
feaijzhdii,43
vhnobndgy,44
ulzkt,45
dsfebdht,46
cide,47
odrghmkp,48
qqrd,49
sqfez,50
ibzswa,51
cdhpsub,52
jzhswys,53
fnmz,54
dnjwk,55
dpqydd,56
qfmct,57
kzqv,58
czumuumjk,59
klfjjzs,60
mbwgkylpys,61
baqirpsqn,62
gbymf,63
lrqb,64
ozrr,65
wrecmyno,66
lnckvro,67
anszt,68
jbqk,69
nrknwmq,70
miorceg,71
entevftj,72
nupm,73
tjyftl,74
cddpzwtl,75
ntgpbg,76
meglblecqc,77
dylg,78
nbrgym,79
mngt,80
zkhaaokyfz,81
dlbjpbw,82
unlnmzk,83
qoydaj,84
zvbiazqy,85
bsolpcebs,86
mdiypjs,87
wgmgcskoul,88
lhlnbozy,89
vmvnelrvyc,90
urnbfyjsr,91
dwsbcr,92
mzsirlq,93
mdizbg,94
urgr,95
lhyn,96
wrjaq,97
vpmd,98
plbfroc,99
yfqpnojffc,100
vble,101
olarvgnfwv,102
iskqnrea,103
todvmze,104
otetvzaau,105
ythrbkel,106
mvone,107
ygwpdmjhzc,108
aeedha,109
ooblfk,110
utiud,111
fjtipcod,112
hbfzwu,113
tgfapghrq,114
rwjhl,115
syfdfonzo,116
omfjyet,117
msaqbghbcj,118
zwbntycyw,119
eihvvoqmhh,120
bunh,121
rkccrummwu,122
wmbf,123
iuksud,124
ceah,125
rhzzzqkgft,126
eliifvi,127
dsfi,128
sqqsud,129
aluzqe,130
rjppelvsw,131
tkuc,132
siqcuzh,133
odbeyulzt,134
dkjbgvqjkg,135
ahjsnjrr,136
sfya,137
fdgk,138
jdibtn,139
ulwolp,140
awrjksqr,141
tjhmkrqv,142
kdfu,143
raww,144
ptrmghe,145
iwjyrkrc,146
qifwtsg,147
etvwjivk,148
lavbezh,149
jjan,150
ffczatd,151
jkfkcjcj,152
nperpu,153
jahkb,154
ejpacsl,155
zpwjzdqtz,156
jibdwqn,157
bkijjw,158
ijdqpdy,159
ltlseksikw,160
utoakdtim,161
gizugfnpc,162
mklnmkndrm,163
vukj,164
ylyjmwt,165
srstzbwkld,166
dbig,167
jpjfp,168
dbyuwk,169
myfttank,170
gcysbmp,171
rqnth,172
prwjiy,173
eqgekpfuki,174
pjdvfnievc,175
gwed,176
vvgtzifjz,177
mcvw,178
hgrhisvsn,179
witpesh,180
adrwj,181
szhvo,182
eslzegrow,183
cakffgojew,184
hwzu,185
okrfdi,186
ptork,187
sqnwakvwpr,188
kqcnbgg,189
quiof,190
tpimwspz,191
qenarqcysp,192
hrojmdrw,193
arbscf,194
tokb,195
tegrt,196
jggohl,197
jtrzfku,198
wqbkenlo,199
crootzpdh,200
ihuqmji,201
mrpzji,202
bnyizprqbm,203
wtsrmzmi,204
pajcei,205
djwbl,206
lnud,207
lqtefqtpas,208
pycg,209
vyrfd,210
fajdqoau,211
aeggnbzr,212
mqpt,213
jmtch,214
vwochepja,215
hyhyhi,216
rudrytqp,217
envead,218
qlfqdnvj,219
wtdcozk,220
civuhecz,221
ikodspa,222
nhjtqwyl,223
lrsqc,224
tnluvu,225
zapqi,226
moaedorkna,227
onqqen,228
wkagbaujaq,229
hccyi,230
zuyglfeim,231
attud,232
vqiawksal,233
bwraothi,234
tgseybv,235
morlychzkr,236
ulmzevcbm,237
dpekylque,238
ejkush,239
roctjbwk,240
ukfbko,241
lsfa,242
hpnp,243
ttuqoq,244
syqqdywhrf,245
gydj,246
hwclhp,247
qtwlz,248
tomjhmt,249
fpksacat,250
cbcv,251
lrsiqkjgmt,252
dmeqzjs,253
elbrpwhnv,254
uupavchzn,255
ugkvlle,256
vwplqkctj,257
mibkaarzt,258
hujbugsai,259
bkflwvjoq,260
oyjseiiee,261
tffwv,262
nazcpgda,263
rjnp,264
jnrefjbval,265
ljekdiuy,266
kwkdlo,267
zyfwrlqi,268
jfcauuar,269
yyokj,270
ltrno,271
dbiid,272
ntrvyh,273
zyzzj,274
evciv,275
vykf,276
gswt,277
zltb,278
vjlsswh,279
smlhdgdak,280
smmluuaoni,281
efthjflhkb,282
mnswnlvqp,283
vdfaplhwys,284
pthwnop,285
ffvfb,286
agtktnwvo,287
npjgh,288
ovtk,289
mrheryeq,290
vogpjnqu,291
igpgygq,292
uwqmng,293
nwsybtjajo,294
umdi,295
rouqj,296
fwsznuc,297
hklt,298
nokvb,299
oebjawphbi,300
omehrpzy,301
udsni,302
hlecftd,303
bsayytvq,304
ajzt,305
ekeoaz,306
sbvwoy,307
zjcwur,308
slbkuezbu,309
cvyrrn,310
faast,311
vnsryoen,312
ndzbhbfwd,313
efozlk,314
bprvdac,315
npqauj,316
yrird,317
uqyo,318
fidipayyvw,319
ibvloqqkgl,320
ztumi,321
jqih,322
aqdsqblmf,323
zepqa,324
uwrhfwm,325
dtftv,326
egjdf,327
ihvdzy,328
rkagsv,329
kdvbll,330
gjcznimfn,331
amocwlc,332
skzghucz,333
jksibrt,334
huotck,335
aduokc,336
stqfdrt,337
mtqgo,338
avcsftwead,339
iuyiim,340
mjioaee,341
rdvyzykuwy,342
spapi,343
feuuqmvz,344
qrfzqu,345
efbati,346
lmik,347
frwz,348
jpnkpu,349
ejrnqzhd,350
iabl,351
ivkmcow,352
frzvjobnva,353
vudzriykt,354
djcjbkvcpn,355
uyadc,356
yboz,357
mopawhtc,358
pverat,359
uvfgedq,360
ogoww,361
ujtbmpuq,362
jffwavaggq,363
zwdlconsj,364
hamfk,365
fkvodw,366
cmzszunygz,367
vtoap,368
ippjj,369
cebabcdms,370
advg,371
fdliqom,372
acli,373
kwil,374
fjke,375
ziozzog,376
obabwzum,377
azvjdmszg,378
yvstamu,379
kdgohizv,380
aqkkbuwy,381
ikbas,382
qvnf,383
bosvlvhv,384
izefgbe,385
uytu,386
jeqnmndw,387
vkuzyuwu,388
jgtgry,389
tyntnnogi,390
kuwshtzusf,391
akdntvhha,392
ybrgtdlc,393
udocrrpu,394
dijqmpte,395
ewjaat,396
klzc,397
avjakm,398
vqrp,399
ehzb,400
yjtvzi,401
dekw,402
lkbecf,403
rwfnr,404
yelf,405
kkepnqh,406
etnyitpqg,407
wzdqmpl,408
gkygqaao,409
fijeclufj,410
foyfmu,411
vpgaebdwd,412
lqhsliomo,413
kijqzcnizs,414
bdqmp,415
oelmkuazj,416
crgjwl,417
deewmju,418
emcwvamwi,419
cnbw,420
runlnb,421
wgulumbiy,422
nonv,423
ptsvtlrp,424
kjwic,425
jqrrmtz,426
bufevdtr,427
evhsnc,428
gnrjmgtwm,429
kzgwslw,430
saimkir,431
yighmak,432
eohss,433
uykrwufb,434
ztpnmuonc,435
ctcdgdeuva,436
zzkps,437
qrqifoil,438
ofya,439
pomnn,440
mugwp,441
grez,442
negdwqhrr,443
eahbu,444
lmrrlryfza,445
smjz,446
amkad,447
anftl,448
cywnisya,449
rjci,450
napqk,451
pveoiqmvc,452
qkee,453
ctlhhj,454
wbfksrjju,455
luhly,456
znlsrecic,457
peas,458
emhnucyynn,459
ccfafhuyui,460
ammdr,461
fpwjzpu,462
vaocczytyj,463
avuzngtsj,464
nlrh,465
hoppgjpfy,466
scjt,467
lmvmhtib,468
idzvp,469
wfzwspkue,470
jabkivsa,471
unufwystq,472
ohzj,473
pzpa,474
kihzkwygtv,475
nfqrfszgqh,476
iihbtkdvs,477
seihqg,478
uubvzpiqyf,479
lwhhvpknu,480
lgmjtuzh,481
fkbguq,482
mhpsnd,483
kcfkc,484
slbtyvms,485
vockj,486
attlvshl,487
bittrgsu,488
qtvp,489
oqamjcvnn,490
acity,491
nmiwweqw,492
wobfkdktz,493
agoecc,494
mzgklz,495
hojvakdjk,496
ayzbymll,497
bhyeavfvo,498
ywytfewten,499
gjtkytmw,500
ktcmngt,501
fchts,502
heujoqw,503
hkelqauvb,504
nyohaoloh,505
zqbfygsbqr,506
csysjsjal,507
uuuctn,508
qedvezn,509
njurw,510
nfkbkzzz,511
fqkqpy,512
kkbhyckpeb,513
akiv,514
eegou,515
pvhuhktu,516
kypsd,517
zyhkewot,518
hljdgcwl,519
hlmbvkamii,520
rnsazspe,521
fjpm,522
alohqyb,523
rbokm,524
mifap,525
gewrklpikgyaqet,526
gewrkl,527
gewrkltjhmkrqv,528
mdiypjsfwv,529
lvjitrykwjoh,530
